<?xml version = '1.0' encoding = 'UTF-8'?>
<relationalModel class="oracle.dbtools.crest.model.design.relational.RelationalDesign" name="Relational_1" id="330DE38B-40AB-07A8-E8A2-181B1E106F47" mainViewID="F19B6DF7-5E37-2B72-5E3F-C9C110CC6B41">
<createdBy>Slav Garnet</createdBy>
<createdTime>2021-11-20 12:26:24 UTC</createdTime>
<ownerDesignName>practicaddl</ownerDesignName>
<shouldBeOpen>false</shouldBeOpen>
<selectedRDBMSSite>32076570-2523-435C-2E92-BF29817DFF70</selectedRDBMSSite>
</relationalModel>